Stack,Input,Rule
$,DEF IDENTIFICADOR PARENTESIS_ABRIR IDENTIFICADOR COMA IDENTIFICADOR PARENTESIS_ABRIR IDENTIFICADOR COMA ENTERO PARENTESIS_CERRAR COMA IDENTIFICADOR PARENTESIS_ABRIR IDENTIFICADOR COMA IDENTIFICADOR COMA IDENTIFICADOR PARENTESIS_ABRIR PARENTESIS_CERRAR PARENTESIS_CERRAR PARENTESIS_CERRAR LLAVE_ABRIR LLAVE_CERRAR $,PROGRAMA -> INSTRUCCIONES
$,DEF IDENTIFICADOR PARENTESIS_ABRIR IDENTIFICADOR COMA IDENTIFICADOR PARENTESIS_ABRIR IDENTIFICADOR COMA ENTERO PARENTESIS_CERRAR COMA IDENTIFICADOR PARENTESIS_ABRIR IDENTIFICADOR COMA IDENTIFICADOR COMA IDENTIFICADOR PARENTESIS_ABRIR PARENTESIS_CERRAR PARENTESIS_CERRAR PARENTESIS_CERRAR LLAVE_ABRIR LLAVE_CERRAR $,INSTRUCCIONES -> INSTRUCCION INSTRUCCIONES
$ INSTRUCCIONES,DEF IDENTIFICADOR PARENTESIS_ABRIR IDENTIFICADOR COMA IDENTIFICADOR PARENTESIS_ABRIR IDENTIFICADOR COMA ENTERO PARENTESIS_CERRAR COMA IDENTIFICADOR PARENTESIS_ABRIR IDENTIFICADOR COMA IDENTIFICADOR COMA IDENTIFICADOR PARENTESIS_ABRIR PARENTESIS_CERRAR PARENTESIS_CERRAR PARENTESIS_CERRAR LLAVE_ABRIR LLAVE_CERRAR $,INSTRUCCION -> FUNCION
$ INSTRUCCIONES,DEF IDENTIFICADOR PARENTESIS_ABRIR IDENTIFICADOR COMA IDENTIFICADOR PARENTESIS_ABRIR IDENTIFICADOR COMA ENTERO PARENTESIS_CERRAR COMA IDENTIFICADOR PARENTESIS_ABRIR IDENTIFICADOR COMA IDENTIFICADOR COMA IDENTIFICADOR PARENTESIS_ABRIR PARENTESIS_CERRAR PARENTESIS_CERRAR PARENTESIS_CERRAR LLAVE_ABRIR LLAVE_CERRAR $,FUNCION -> DEF IDENTIFICADOR PARENTESIS_ABRIR PARAMETROS PARENTESIS_CERRAR LLAVE_ABRIR INSTRUCCIONES LLAVE_CERRAR
$ INSTRUCCIONES LLAVE_CERRAR INSTRUCCIONES LLAVE_ABRIR PARENTESIS_CERRAR PARAMETROS PARENTESIS_ABRIR IDENTIFICADOR,DEF IDENTIFICADOR PARENTESIS_ABRIR IDENTIFICADOR COMA IDENTIFICADOR PARENTESIS_ABRIR IDENTIFICADOR COMA ENTERO PARENTESIS_CERRAR COMA IDENTIFICADOR PARENTESIS_ABRIR IDENTIFICADOR COMA IDENTIFICADOR COMA IDENTIFICADOR PARENTESIS_ABRIR PARENTESIS_CERRAR PARENTESIS_CERRAR PARENTESIS_CERRAR LLAVE_ABRIR LLAVE_CERRAR $,
$ INSTRUCCIONES LLAVE_CERRAR INSTRUCCIONES LLAVE_ABRIR PARENTESIS_CERRAR PARAMETROS PARENTESIS_ABRIR,IDENTIFICADOR PARENTESIS_ABRIR IDENTIFICADOR COMA IDENTIFICADOR PARENTESIS_ABRIR IDENTIFICADOR COMA ENTERO PARENTESIS_CERRAR COMA IDENTIFICADOR PARENTESIS_ABRIR IDENTIFICADOR COMA IDENTIFICADOR COMA IDENTIFICADOR PARENTESIS_ABRIR PARENTESIS_CERRAR PARENTESIS_CERRAR PARENTESIS_CERRAR LLAVE_ABRIR LLAVE_CERRAR $,
$ INSTRUCCIONES LLAVE_CERRAR INSTRUCCIONES LLAVE_ABRIR PARENTESIS_CERRAR PARAMETROS,PARENTESIS_ABRIR IDENTIFICADOR COMA IDENTIFICADOR PARENTESIS_ABRIR IDENTIFICADOR COMA ENTERO PARENTESIS_CERRAR COMA IDENTIFICADOR PARENTESIS_ABRIR IDENTIFICADOR COMA IDENTIFICADOR COMA IDENTIFICADOR PARENTESIS_ABRIR PARENTESIS_CERRAR PARENTESIS_CERRAR PARENTESIS_CERRAR LLAVE_ABRIR LLAVE_CERRAR $,
$ INSTRUCCIONES LLAVE_CERRAR INSTRUCCIONES LLAVE_ABRIR PARENTESIS_CERRAR,IDENTIFICADOR COMA IDENTIFICADOR PARENTESIS_ABRIR IDENTIFICADOR COMA ENTERO PARENTESIS_CERRAR COMA IDENTIFICADOR PARENTESIS_ABRIR IDENTIFICADOR COMA IDENTIFICADOR COMA IDENTIFICADOR PARENTESIS_ABRIR PARENTESIS_CERRAR PARENTESIS_CERRAR PARENTESIS_CERRAR LLAVE_ABRIR LLAVE_CERRAR $,PARAMETROS -> EXPRESION PARAMETROS'
$ INSTRUCCIONES LLAVE_CERRAR INSTRUCCIONES LLAVE_ABRIR PARENTESIS_CERRAR PARAMETROS',IDENTIFICADOR COMA IDENTIFICADOR PARENTESIS_ABRIR IDENTIFICADOR COMA ENTERO PARENTESIS_CERRAR COMA IDENTIFICADOR PARENTESIS_ABRIR IDENTIFICADOR COMA IDENTIFICADOR COMA IDENTIFICADOR PARENTESIS_ABRIR PARENTESIS_CERRAR PARENTESIS_CERRAR PARENTESIS_CERRAR LLAVE_ABRIR LLAVE_CERRAR $,EXPRESION -> FACTOR EXPRESION'
$ INSTRUCCIONES LLAVE_CERRAR INSTRUCCIONES LLAVE_ABRIR PARENTESIS_CERRAR PARAMETROS' EXPRESION',IDENTIFICADOR COMA IDENTIFICADOR PARENTESIS_ABRIR IDENTIFICADOR COMA ENTERO PARENTESIS_CERRAR COMA IDENTIFICADOR PARENTESIS_ABRIR IDENTIFICADOR COMA IDENTIFICADOR COMA IDENTIFICADOR PARENTESIS_ABRIR PARENTESIS_CERRAR PARENTESIS_CERRAR PARENTESIS_CERRAR LLAVE_ABRIR LLAVE_CERRAR $,FACTOR -> IDENTIFICADOR FACTOR'
$ INSTRUCCIONES LLAVE_CERRAR INSTRUCCIONES LLAVE_ABRIR PARENTESIS_CERRAR PARAMETROS' EXPRESION' FACTOR',IDENTIFICADOR COMA IDENTIFICADOR PARENTESIS_ABRIR IDENTIFICADOR COMA ENTERO PARENTESIS_CERRAR COMA IDENTIFICADOR PARENTESIS_ABRIR IDENTIFICADOR COMA IDENTIFICADOR COMA IDENTIFICADOR PARENTESIS_ABRIR PARENTESIS_CERRAR PARENTESIS_CERRAR PARENTESIS_CERRAR LLAVE_ABRIR LLAVE_CERRAR $,
$ INSTRUCCIONES LLAVE_CERRAR INSTRUCCIONES LLAVE_ABRIR PARENTESIS_CERRAR PARAMETROS' EXPRESION',COMA IDENTIFICADOR PARENTESIS_ABRIR IDENTIFICADOR COMA ENTERO PARENTESIS_CERRAR COMA IDENTIFICADOR PARENTESIS_ABRIR IDENTIFICADOR COMA IDENTIFICADOR COMA IDENTIFICADOR PARENTESIS_ABRIR PARENTESIS_CERRAR PARENTESIS_CERRAR PARENTESIS_CERRAR LLAVE_ABRIR LLAVE_CERRAR $,FACTOR' -> ''
$ INSTRUCCIONES LLAVE_CERRAR INSTRUCCIONES LLAVE_ABRIR PARENTESIS_CERRAR PARAMETROS',COMA IDENTIFICADOR PARENTESIS_ABRIR IDENTIFICADOR COMA ENTERO PARENTESIS_CERRAR COMA IDENTIFICADOR PARENTESIS_ABRIR IDENTIFICADOR COMA IDENTIFICADOR COMA IDENTIFICADOR PARENTESIS_ABRIR PARENTESIS_CERRAR PARENTESIS_CERRAR PARENTESIS_CERRAR LLAVE_ABRIR LLAVE_CERRAR $,EXPRESION' -> ''
$ INSTRUCCIONES LLAVE_CERRAR INSTRUCCIONES LLAVE_ABRIR PARENTESIS_CERRAR,COMA IDENTIFICADOR PARENTESIS_ABRIR IDENTIFICADOR COMA ENTERO PARENTESIS_CERRAR COMA IDENTIFICADOR PARENTESIS_ABRIR IDENTIFICADOR COMA IDENTIFICADOR COMA IDENTIFICADOR PARENTESIS_ABRIR PARENTESIS_CERRAR PARENTESIS_CERRAR PARENTESIS_CERRAR LLAVE_ABRIR LLAVE_CERRAR $,PARAMETROS' -> COMA EXPRESION PARAMETROS'
$ INSTRUCCIONES LLAVE_CERRAR INSTRUCCIONES LLAVE_ABRIR PARENTESIS_CERRAR PARAMETROS' EXPRESION,COMA IDENTIFICADOR PARENTESIS_ABRIR IDENTIFICADOR COMA ENTERO PARENTESIS_CERRAR COMA IDENTIFICADOR PARENTESIS_ABRIR IDENTIFICADOR COMA IDENTIFICADOR COMA IDENTIFICADOR PARENTESIS_ABRIR PARENTESIS_CERRAR PARENTESIS_CERRAR PARENTESIS_CERRAR LLAVE_ABRIR LLAVE_CERRAR $,
$ INSTRUCCIONES LLAVE_CERRAR INSTRUCCIONES LLAVE_ABRIR PARENTESIS_CERRAR PARAMETROS',IDENTIFICADOR PARENTESIS_ABRIR IDENTIFICADOR COMA ENTERO PARENTESIS_CERRAR COMA IDENTIFICADOR PARENTESIS_ABRIR IDENTIFICADOR COMA IDENTIFICADOR COMA IDENTIFICADOR PARENTESIS_ABRIR PARENTESIS_CERRAR PARENTESIS_CERRAR PARENTESIS_CERRAR LLAVE_ABRIR LLAVE_CERRAR $,EXPRESION -> FACTOR EXPRESION'
$ INSTRUCCIONES LLAVE_CERRAR INSTRUCCIONES LLAVE_ABRIR PARENTESIS_CERRAR PARAMETROS' EXPRESION',IDENTIFICADOR PARENTESIS_ABRIR IDENTIFICADOR COMA ENTERO PARENTESIS_CERRAR COMA IDENTIFICADOR PARENTESIS_ABRIR IDENTIFICADOR COMA IDENTIFICADOR COMA IDENTIFICADOR PARENTESIS_ABRIR PARENTESIS_CERRAR PARENTESIS_CERRAR PARENTESIS_CERRAR LLAVE_ABRIR LLAVE_CERRAR $,FACTOR -> IDENTIFICADOR FACTOR'
$ INSTRUCCIONES LLAVE_CERRAR INSTRUCCIONES LLAVE_ABRIR PARENTESIS_CERRAR PARAMETROS' EXPRESION' FACTOR',IDENTIFICADOR PARENTESIS_ABRIR IDENTIFICADOR COMA ENTERO PARENTESIS_CERRAR COMA IDENTIFICADOR PARENTESIS_ABRIR IDENTIFICADOR COMA IDENTIFICADOR COMA IDENTIFICADOR PARENTESIS_ABRIR PARENTESIS_CERRAR PARENTESIS_CERRAR PARENTESIS_CERRAR LLAVE_ABRIR LLAVE_CERRAR $,
$ INSTRUCCIONES LLAVE_CERRAR INSTRUCCIONES LLAVE_ABRIR PARENTESIS_CERRAR PARAMETROS' EXPRESION',PARENTESIS_ABRIR IDENTIFICADOR COMA ENTERO PARENTESIS_CERRAR COMA IDENTIFICADOR PARENTESIS_ABRIR IDENTIFICADOR COMA IDENTIFICADOR COMA IDENTIFICADOR PARENTESIS_ABRIR PARENTESIS_CERRAR PARENTESIS_CERRAR PARENTESIS_CERRAR LLAVE_ABRIR LLAVE_CERRAR $,FACTOR' -> PARENTESIS_ABRIR PARAMETROS PARENTESIS_CERRAR
$ INSTRUCCIONES LLAVE_CERRAR INSTRUCCIONES LLAVE_ABRIR PARENTESIS_CERRAR PARAMETROS' EXPRESION' PARENTESIS_CERRAR PARAMETROS,PARENTESIS_ABRIR IDENTIFICADOR COMA ENTERO PARENTESIS_CERRAR COMA IDENTIFICADOR PARENTESIS_ABRIR IDENTIFICADOR COMA IDENTIFICADOR COMA IDENTIFICADOR PARENTESIS_ABRIR PARENTESIS_CERRAR PARENTESIS_CERRAR PARENTESIS_CERRAR LLAVE_ABRIR LLAVE_CERRAR $,
$ INSTRUCCIONES LLAVE_CERRAR INSTRUCCIONES LLAVE_ABRIR PARENTESIS_CERRAR PARAMETROS' EXPRESION' PARENTESIS_CERRAR,IDENTIFICADOR COMA ENTERO PARENTESIS_CERRAR COMA IDENTIFICADOR PARENTESIS_ABRIR IDENTIFICADOR COMA IDENTIFICADOR COMA IDENTIFICADOR PARENTESIS_ABRIR PARENTESIS_CERRAR PARENTESIS_CERRAR PARENTESIS_CERRAR LLAVE_ABRIR LLAVE_CERRAR $,PARAMETROS -> EXPRESION PARAMETROS'
$ INSTRUCCIONES LLAVE_CERRAR INSTRUCCIONES LLAVE_ABRIR PARENTESIS_CERRAR PARAMETROS' EXPRESION' PARENTESIS_CERRAR PARAMETROS',IDENTIFICADOR COMA ENTERO PARENTESIS_CERRAR COMA IDENTIFICADOR PARENTESIS_ABRIR IDENTIFICADOR COMA IDENTIFICADOR COMA IDENTIFICADOR PARENTESIS_ABRIR PARENTESIS_CERRAR PARENTESIS_CERRAR PARENTESIS_CERRAR LLAVE_ABRIR LLAVE_CERRAR $,EXPRESION -> FACTOR EXPRESION'
$ INSTRUCCIONES LLAVE_CERRAR INSTRUCCIONES LLAVE_ABRIR PARENTESIS_CERRAR PARAMETROS' EXPRESION' PARENTESIS_CERRAR PARAMETROS' EXPRESION',IDENTIFICADOR COMA ENTERO PARENTESIS_CERRAR COMA IDENTIFICADOR PARENTESIS_ABRIR IDENTIFICADOR COMA IDENTIFICADOR COMA IDENTIFICADOR PARENTESIS_ABRIR PARENTESIS_CERRAR PARENTESIS_CERRAR PARENTESIS_CERRAR LLAVE_ABRIR LLAVE_CERRAR $,FACTOR -> IDENTIFICADOR FACTOR'
$ INSTRUCCIONES LLAVE_CERRAR INSTRUCCIONES LLAVE_ABRIR PARENTESIS_CERRAR PARAMETROS' EXPRESION' PARENTESIS_CERRAR PARAMETROS' EXPRESION' FACTOR',IDENTIFICADOR COMA ENTERO PARENTESIS_CERRAR COMA IDENTIFICADOR PARENTESIS_ABRIR IDENTIFICADOR COMA IDENTIFICADOR COMA IDENTIFICADOR PARENTESIS_ABRIR PARENTESIS_CERRAR PARENTESIS_CERRAR PARENTESIS_CERRAR LLAVE_ABRIR LLAVE_CERRAR $,
$ INSTRUCCIONES LLAVE_CERRAR INSTRUCCIONES LLAVE_ABRIR PARENTESIS_CERRAR PARAMETROS' EXPRESION' PARENTESIS_CERRAR PARAMETROS' EXPRESION',COMA ENTERO PARENTESIS_CERRAR COMA IDENTIFICADOR PARENTESIS_ABRIR IDENTIFICADOR COMA IDENTIFICADOR COMA IDENTIFICADOR PARENTESIS_ABRIR PARENTESIS_CERRAR PARENTESIS_CERRAR PARENTESIS_CERRAR LLAVE_ABRIR LLAVE_CERRAR $,FACTOR' -> ''
$ INSTRUCCIONES LLAVE_CERRAR INSTRUCCIONES LLAVE_ABRIR PARENTESIS_CERRAR PARAMETROS' EXPRESION' PARENTESIS_CERRAR PARAMETROS',COMA ENTERO PARENTESIS_CERRAR COMA IDENTIFICADOR PARENTESIS_ABRIR IDENTIFICADOR COMA IDENTIFICADOR COMA IDENTIFICADOR PARENTESIS_ABRIR PARENTESIS_CERRAR PARENTESIS_CERRAR PARENTESIS_CERRAR LLAVE_ABRIR LLAVE_CERRAR $,EXPRESION' -> ''
$ INSTRUCCIONES LLAVE_CERRAR INSTRUCCIONES LLAVE_ABRIR PARENTESIS_CERRAR PARAMETROS' EXPRESION' PARENTESIS_CERRAR,COMA ENTERO PARENTESIS_CERRAR COMA IDENTIFICADOR PARENTESIS_ABRIR IDENTIFICADOR COMA IDENTIFICADOR COMA IDENTIFICADOR PARENTESIS_ABRIR PARENTESIS_CERRAR PARENTESIS_CERRAR PARENTESIS_CERRAR LLAVE_ABRIR LLAVE_CERRAR $,PARAMETROS' -> COMA EXPRESION PARAMETROS'
$ INSTRUCCIONES LLAVE_CERRAR INSTRUCCIONES LLAVE_ABRIR PARENTESIS_CERRAR PARAMETROS' EXPRESION' PARENTESIS_CERRAR PARAMETROS' EXPRESION,COMA ENTERO PARENTESIS_CERRAR COMA IDENTIFICADOR PARENTESIS_ABRIR IDENTIFICADOR COMA IDENTIFICADOR COMA IDENTIFICADOR PARENTESIS_ABRIR PARENTESIS_CERRAR PARENTESIS_CERRAR PARENTESIS_CERRAR LLAVE_ABRIR LLAVE_CERRAR $,
$ INSTRUCCIONES LLAVE_CERRAR INSTRUCCIONES LLAVE_ABRIR PARENTESIS_CERRAR PARAMETROS' EXPRESION' PARENTESIS_CERRAR PARAMETROS',ENTERO PARENTESIS_CERRAR COMA IDENTIFICADOR PARENTESIS_ABRIR IDENTIFICADOR COMA IDENTIFICADOR COMA IDENTIFICADOR PARENTESIS_ABRIR PARENTESIS_CERRAR PARENTESIS_CERRAR PARENTESIS_CERRAR LLAVE_ABRIR LLAVE_CERRAR $,EXPRESION -> FACTOR EXPRESION'
$ INSTRUCCIONES LLAVE_CERRAR INSTRUCCIONES LLAVE_ABRIR PARENTESIS_CERRAR PARAMETROS' EXPRESION' PARENTESIS_CERRAR PARAMETROS' EXPRESION',ENTERO PARENTESIS_CERRAR COMA IDENTIFICADOR PARENTESIS_ABRIR IDENTIFICADOR COMA IDENTIFICADOR COMA IDENTIFICADOR PARENTESIS_ABRIR PARENTESIS_CERRAR PARENTESIS_CERRAR PARENTESIS_CERRAR LLAVE_ABRIR LLAVE_CERRAR $,FACTOR -> ENTERO
$ INSTRUCCIONES LLAVE_CERRAR INSTRUCCIONES LLAVE_ABRIR PARENTESIS_CERRAR PARAMETROS' EXPRESION' PARENTESIS_CERRAR PARAMETROS' EXPRESION',ENTERO PARENTESIS_CERRAR COMA IDENTIFICADOR PARENTESIS_ABRIR IDENTIFICADOR COMA IDENTIFICADOR COMA IDENTIFICADOR PARENTESIS_ABRIR PARENTESIS_CERRAR PARENTESIS_CERRAR PARENTESIS_CERRAR LLAVE_ABRIR LLAVE_CERRAR $,
$ INSTRUCCIONES LLAVE_CERRAR INSTRUCCIONES LLAVE_ABRIR PARENTESIS_CERRAR PARAMETROS' EXPRESION' PARENTESIS_CERRAR PARAMETROS',PARENTESIS_CERRAR COMA IDENTIFICADOR PARENTESIS_ABRIR IDENTIFICADOR COMA IDENTIFICADOR COMA IDENTIFICADOR PARENTESIS_ABRIR PARENTESIS_CERRAR PARENTESIS_CERRAR PARENTESIS_CERRAR LLAVE_ABRIR LLAVE_CERRAR $,EXPRESION' -> ''
$ INSTRUCCIONES LLAVE_CERRAR INSTRUCCIONES LLAVE_ABRIR PARENTESIS_CERRAR PARAMETROS' EXPRESION' PARENTESIS_CERRAR,PARENTESIS_CERRAR COMA IDENTIFICADOR PARENTESIS_ABRIR IDENTIFICADOR COMA IDENTIFICADOR COMA IDENTIFICADOR PARENTESIS_ABRIR PARENTESIS_CERRAR PARENTESIS_CERRAR PARENTESIS_CERRAR LLAVE_ABRIR LLAVE_CERRAR $,PARAMETROS' -> ''
$ INSTRUCCIONES LLAVE_CERRAR INSTRUCCIONES LLAVE_ABRIR PARENTESIS_CERRAR PARAMETROS' EXPRESION',PARENTESIS_CERRAR COMA IDENTIFICADOR PARENTESIS_ABRIR IDENTIFICADOR COMA IDENTIFICADOR COMA IDENTIFICADOR PARENTESIS_ABRIR PARENTESIS_CERRAR PARENTESIS_CERRAR PARENTESIS_CERRAR LLAVE_ABRIR LLAVE_CERRAR $,
$ INSTRUCCIONES LLAVE_CERRAR INSTRUCCIONES LLAVE_ABRIR PARENTESIS_CERRAR PARAMETROS',COMA IDENTIFICADOR PARENTESIS_ABRIR IDENTIFICADOR COMA IDENTIFICADOR COMA IDENTIFICADOR PARENTESIS_ABRIR PARENTESIS_CERRAR PARENTESIS_CERRAR PARENTESIS_CERRAR LLAVE_ABRIR LLAVE_CERRAR $,EXPRESION' -> ''
$ INSTRUCCIONES LLAVE_CERRAR INSTRUCCIONES LLAVE_ABRIR PARENTESIS_CERRAR,COMA IDENTIFICADOR PARENTESIS_ABRIR IDENTIFICADOR COMA IDENTIFICADOR COMA IDENTIFICADOR PARENTESIS_ABRIR PARENTESIS_CERRAR PARENTESIS_CERRAR PARENTESIS_CERRAR LLAVE_ABRIR LLAVE_CERRAR $,PARAMETROS' -> COMA EXPRESION PARAMETROS'
$ INSTRUCCIONES LLAVE_CERRAR INSTRUCCIONES LLAVE_ABRIR PARENTESIS_CERRAR PARAMETROS' EXPRESION,COMA IDENTIFICADOR PARENTESIS_ABRIR IDENTIFICADOR COMA IDENTIFICADOR COMA IDENTIFICADOR PARENTESIS_ABRIR PARENTESIS_CERRAR PARENTESIS_CERRAR PARENTESIS_CERRAR LLAVE_ABRIR LLAVE_CERRAR $,
$ INSTRUCCIONES LLAVE_CERRAR INSTRUCCIONES LLAVE_ABRIR PARENTESIS_CERRAR PARAMETROS',IDENTIFICADOR PARENTESIS_ABRIR IDENTIFICADOR COMA IDENTIFICADOR COMA IDENTIFICADOR PARENTESIS_ABRIR PARENTESIS_CERRAR PARENTESIS_CERRAR PARENTESIS_CERRAR LLAVE_ABRIR LLAVE_CERRAR $,EXPRESION -> FACTOR EXPRESION'
$ INSTRUCCIONES LLAVE_CERRAR INSTRUCCIONES LLAVE_ABRIR PARENTESIS_CERRAR PARAMETROS' EXPRESION',IDENTIFICADOR PARENTESIS_ABRIR IDENTIFICADOR COMA IDENTIFICADOR COMA IDENTIFICADOR PARENTESIS_ABRIR PARENTESIS_CERRAR PARENTESIS_CERRAR PARENTESIS_CERRAR LLAVE_ABRIR LLAVE_CERRAR $,FACTOR -> IDENTIFICADOR FACTOR'
$ INSTRUCCIONES LLAVE_CERRAR INSTRUCCIONES LLAVE_ABRIR PARENTESIS_CERRAR PARAMETROS' EXPRESION' FACTOR',IDENTIFICADOR PARENTESIS_ABRIR IDENTIFICADOR COMA IDENTIFICADOR COMA IDENTIFICADOR PARENTESIS_ABRIR PARENTESIS_CERRAR PARENTESIS_CERRAR PARENTESIS_CERRAR LLAVE_ABRIR LLAVE_CERRAR $,
$ INSTRUCCIONES LLAVE_CERRAR INSTRUCCIONES LLAVE_ABRIR PARENTESIS_CERRAR PARAMETROS' EXPRESION',PARENTESIS_ABRIR IDENTIFICADOR COMA IDENTIFICADOR COMA IDENTIFICADOR PARENTESIS_ABRIR PARENTESIS_CERRAR PARENTESIS_CERRAR PARENTESIS_CERRAR LLAVE_ABRIR LLAVE_CERRAR $,FACTOR' -> PARENTESIS_ABRIR PARAMETROS PARENTESIS_CERRAR
$ INSTRUCCIONES LLAVE_CERRAR INSTRUCCIONES LLAVE_ABRIR PARENTESIS_CERRAR PARAMETROS' EXPRESION' PARENTESIS_CERRAR PARAMETROS,PARENTESIS_ABRIR IDENTIFICADOR COMA IDENTIFICADOR COMA IDENTIFICADOR PARENTESIS_ABRIR PARENTESIS_CERRAR PARENTESIS_CERRAR PARENTESIS_CERRAR LLAVE_ABRIR LLAVE_CERRAR $,
$ INSTRUCCIONES LLAVE_CERRAR INSTRUCCIONES LLAVE_ABRIR PARENTESIS_CERRAR PARAMETROS' EXPRESION' PARENTESIS_CERRAR,IDENTIFICADOR COMA IDENTIFICADOR COMA IDENTIFICADOR PARENTESIS_ABRIR PARENTESIS_CERRAR PARENTESIS_CERRAR PARENTESIS_CERRAR LLAVE_ABRIR LLAVE_CERRAR $,PARAMETROS -> EXPRESION PARAMETROS'
$ INSTRUCCIONES LLAVE_CERRAR INSTRUCCIONES LLAVE_ABRIR PARENTESIS_CERRAR PARAMETROS' EXPRESION' PARENTESIS_CERRAR PARAMETROS',IDENTIFICADOR COMA IDENTIFICADOR COMA IDENTIFICADOR PARENTESIS_ABRIR PARENTESIS_CERRAR PARENTESIS_CERRAR PARENTESIS_CERRAR LLAVE_ABRIR LLAVE_CERRAR $,EXPRESION -> FACTOR EXPRESION'
$ INSTRUCCIONES LLAVE_CERRAR INSTRUCCIONES LLAVE_ABRIR PARENTESIS_CERRAR PARAMETROS' EXPRESION' PARENTESIS_CERRAR PARAMETROS' EXPRESION',IDENTIFICADOR COMA IDENTIFICADOR COMA IDENTIFICADOR PARENTESIS_ABRIR PARENTESIS_CERRAR PARENTESIS_CERRAR PARENTESIS_CERRAR LLAVE_ABRIR LLAVE_CERRAR $,FACTOR -> IDENTIFICADOR FACTOR'
$ INSTRUCCIONES LLAVE_CERRAR INSTRUCCIONES LLAVE_ABRIR PARENTESIS_CERRAR PARAMETROS' EXPRESION' PARENTESIS_CERRAR PARAMETROS' EXPRESION' FACTOR',IDENTIFICADOR COMA IDENTIFICADOR COMA IDENTIFICADOR PARENTESIS_ABRIR PARENTESIS_CERRAR PARENTESIS_CERRAR PARENTESIS_CERRAR LLAVE_ABRIR LLAVE_CERRAR $,
$ INSTRUCCIONES LLAVE_CERRAR INSTRUCCIONES LLAVE_ABRIR PARENTESIS_CERRAR PARAMETROS' EXPRESION' PARENTESIS_CERRAR PARAMETROS' EXPRESION',COMA IDENTIFICADOR COMA IDENTIFICADOR PARENTESIS_ABRIR PARENTESIS_CERRAR PARENTESIS_CERRAR PARENTESIS_CERRAR LLAVE_ABRIR LLAVE_CERRAR $,FACTOR' -> ''
$ INSTRUCCIONES LLAVE_CERRAR INSTRUCCIONES LLAVE_ABRIR PARENTESIS_CERRAR PARAMETROS' EXPRESION' PARENTESIS_CERRAR PARAMETROS',COMA IDENTIFICADOR COMA IDENTIFICADOR PARENTESIS_ABRIR PARENTESIS_CERRAR PARENTESIS_CERRAR PARENTESIS_CERRAR LLAVE_ABRIR LLAVE_CERRAR $,EXPRESION' -> ''
$ INSTRUCCIONES LLAVE_CERRAR INSTRUCCIONES LLAVE_ABRIR PARENTESIS_CERRAR PARAMETROS' EXPRESION' PARENTESIS_CERRAR,COMA IDENTIFICADOR COMA IDENTIFICADOR PARENTESIS_ABRIR PARENTESIS_CERRAR PARENTESIS_CERRAR PARENTESIS_CERRAR LLAVE_ABRIR LLAVE_CERRAR $,PARAMETROS' -> COMA EXPRESION PARAMETROS'
$ INSTRUCCIONES LLAVE_CERRAR INSTRUCCIONES LLAVE_ABRIR PARENTESIS_CERRAR PARAMETROS' EXPRESION' PARENTESIS_CERRAR PARAMETROS' EXPRESION,COMA IDENTIFICADOR COMA IDENTIFICADOR PARENTESIS_ABRIR PARENTESIS_CERRAR PARENTESIS_CERRAR PARENTESIS_CERRAR LLAVE_ABRIR LLAVE_CERRAR $,
$ INSTRUCCIONES LLAVE_CERRAR INSTRUCCIONES LLAVE_ABRIR PARENTESIS_CERRAR PARAMETROS' EXPRESION' PARENTESIS_CERRAR PARAMETROS',IDENTIFICADOR COMA IDENTIFICADOR PARENTESIS_ABRIR PARENTESIS_CERRAR PARENTESIS_CERRAR PARENTESIS_CERRAR LLAVE_ABRIR LLAVE_CERRAR $,EXPRESION -> FACTOR EXPRESION'
$ INSTRUCCIONES LLAVE_CERRAR INSTRUCCIONES LLAVE_ABRIR PARENTESIS_CERRAR PARAMETROS' EXPRESION' PARENTESIS_CERRAR PARAMETROS' EXPRESION',IDENTIFICADOR COMA IDENTIFICADOR PARENTESIS_ABRIR PARENTESIS_CERRAR PARENTESIS_CERRAR PARENTESIS_CERRAR LLAVE_ABRIR LLAVE_CERRAR $,FACTOR -> IDENTIFICADOR FACTOR'
$ INSTRUCCIONES LLAVE_CERRAR INSTRUCCIONES LLAVE_ABRIR PARENTESIS_CERRAR PARAMETROS' EXPRESION' PARENTESIS_CERRAR PARAMETROS' EXPRESION' FACTOR',IDENTIFICADOR COMA IDENTIFICADOR PARENTESIS_ABRIR PARENTESIS_CERRAR PARENTESIS_CERRAR PARENTESIS_CERRAR LLAVE_ABRIR LLAVE_CERRAR $,
$ INSTRUCCIONES LLAVE_CERRAR INSTRUCCIONES LLAVE_ABRIR PARENTESIS_CERRAR PARAMETROS' EXPRESION' PARENTESIS_CERRAR PARAMETROS' EXPRESION',COMA IDENTIFICADOR PARENTESIS_ABRIR PARENTESIS_CERRAR PARENTESIS_CERRAR PARENTESIS_CERRAR LLAVE_ABRIR LLAVE_CERRAR $,FACTOR' -> ''
$ INSTRUCCIONES LLAVE_CERRAR INSTRUCCIONES LLAVE_ABRIR PARENTESIS_CERRAR PARAMETROS' EXPRESION' PARENTESIS_CERRAR PARAMETROS',COMA IDENTIFICADOR PARENTESIS_ABRIR PARENTESIS_CERRAR PARENTESIS_CERRAR PARENTESIS_CERRAR LLAVE_ABRIR LLAVE_CERRAR $,EXPRESION' -> ''
$ INSTRUCCIONES LLAVE_CERRAR INSTRUCCIONES LLAVE_ABRIR PARENTESIS_CERRAR PARAMETROS' EXPRESION' PARENTESIS_CERRAR,COMA IDENTIFICADOR PARENTESIS_ABRIR PARENTESIS_CERRAR PARENTESIS_CERRAR PARENTESIS_CERRAR LLAVE_ABRIR LLAVE_CERRAR $,PARAMETROS' -> COMA EXPRESION PARAMETROS'
$ INSTRUCCIONES LLAVE_CERRAR INSTRUCCIONES LLAVE_ABRIR PARENTESIS_CERRAR PARAMETROS' EXPRESION' PARENTESIS_CERRAR PARAMETROS' EXPRESION,COMA IDENTIFICADOR PARENTESIS_ABRIR PARENTESIS_CERRAR PARENTESIS_CERRAR PARENTESIS_CERRAR LLAVE_ABRIR LLAVE_CERRAR $,
$ INSTRUCCIONES LLAVE_CERRAR INSTRUCCIONES LLAVE_ABRIR PARENTESIS_CERRAR PARAMETROS' EXPRESION' PARENTESIS_CERRAR PARAMETROS',IDENTIFICADOR PARENTESIS_ABRIR PARENTESIS_CERRAR PARENTESIS_CERRAR PARENTESIS_CERRAR LLAVE_ABRIR LLAVE_CERRAR $,EXPRESION -> FACTOR EXPRESION'
$ INSTRUCCIONES LLAVE_CERRAR INSTRUCCIONES LLAVE_ABRIR PARENTESIS_CERRAR PARAMETROS' EXPRESION' PARENTESIS_CERRAR PARAMETROS' EXPRESION',IDENTIFICADOR PARENTESIS_ABRIR PARENTESIS_CERRAR PARENTESIS_CERRAR PARENTESIS_CERRAR LLAVE_ABRIR LLAVE_CERRAR $,FACTOR -> IDENTIFICADOR FACTOR'
$ INSTRUCCIONES LLAVE_CERRAR INSTRUCCIONES LLAVE_ABRIR PARENTESIS_CERRAR PARAMETROS' EXPRESION' PARENTESIS_CERRAR PARAMETROS' EXPRESION' FACTOR',IDENTIFICADOR PARENTESIS_ABRIR PARENTESIS_CERRAR PARENTESIS_CERRAR PARENTESIS_CERRAR LLAVE_ABRIR LLAVE_CERRAR $,
$ INSTRUCCIONES LLAVE_CERRAR INSTRUCCIONES LLAVE_ABRIR PARENTESIS_CERRAR PARAMETROS' EXPRESION' PARENTESIS_CERRAR PARAMETROS' EXPRESION',PARENTESIS_ABRIR PARENTESIS_CERRAR PARENTESIS_CERRAR PARENTESIS_CERRAR LLAVE_ABRIR LLAVE_CERRAR $,FACTOR' -> PARENTESIS_ABRIR PARAMETROS PARENTESIS_CERRAR
$ INSTRUCCIONES LLAVE_CERRAR INSTRUCCIONES LLAVE_ABRIR PARENTESIS_CERRAR PARAMETROS' EXPRESION' PARENTESIS_CERRAR PARAMETROS' EXPRESION' PARENTESIS_CERRAR PARAMETROS,PARENTESIS_ABRIR PARENTESIS_CERRAR PARENTESIS_CERRAR PARENTESIS_CERRAR LLAVE_ABRIR LLAVE_CERRAR $,
$ INSTRUCCIONES LLAVE_CERRAR INSTRUCCIONES LLAVE_ABRIR PARENTESIS_CERRAR PARAMETROS' EXPRESION' PARENTESIS_CERRAR PARAMETROS' EXPRESION' PARENTESIS_CERRAR,PARENTESIS_CERRAR PARENTESIS_CERRAR PARENTESIS_CERRAR LLAVE_ABRIR LLAVE_CERRAR $,PARAMETROS -> ''
$ INSTRUCCIONES LLAVE_CERRAR INSTRUCCIONES LLAVE_ABRIR PARENTESIS_CERRAR PARAMETROS' EXPRESION' PARENTESIS_CERRAR PARAMETROS' EXPRESION',PARENTESIS_CERRAR PARENTESIS_CERRAR PARENTESIS_CERRAR LLAVE_ABRIR LLAVE_CERRAR $,
$ INSTRUCCIONES LLAVE_CERRAR INSTRUCCIONES LLAVE_ABRIR PARENTESIS_CERRAR PARAMETROS' EXPRESION' PARENTESIS_CERRAR PARAMETROS',PARENTESIS_CERRAR PARENTESIS_CERRAR LLAVE_ABRIR LLAVE_CERRAR $,EXPRESION' -> ''
$ INSTRUCCIONES LLAVE_CERRAR INSTRUCCIONES LLAVE_ABRIR PARENTESIS_CERRAR PARAMETROS' EXPRESION' PARENTESIS_CERRAR,PARENTESIS_CERRAR PARENTESIS_CERRAR LLAVE_ABRIR LLAVE_CERRAR $,PARAMETROS' -> ''
$ INSTRUCCIONES LLAVE_CERRAR INSTRUCCIONES LLAVE_ABRIR PARENTESIS_CERRAR PARAMETROS' EXPRESION',PARENTESIS_CERRAR PARENTESIS_CERRAR LLAVE_ABRIR LLAVE_CERRAR $,
$ INSTRUCCIONES LLAVE_CERRAR INSTRUCCIONES LLAVE_ABRIR PARENTESIS_CERRAR PARAMETROS',PARENTESIS_CERRAR LLAVE_ABRIR LLAVE_CERRAR $,EXPRESION' -> ''
$ INSTRUCCIONES LLAVE_CERRAR INSTRUCCIONES LLAVE_ABRIR PARENTESIS_CERRAR,PARENTESIS_CERRAR LLAVE_ABRIR LLAVE_CERRAR $,PARAMETROS' -> ''
$ INSTRUCCIONES LLAVE_CERRAR INSTRUCCIONES LLAVE_ABRIR,PARENTESIS_CERRAR LLAVE_ABRIR LLAVE_CERRAR $,
$ INSTRUCCIONES LLAVE_CERRAR INSTRUCCIONES,LLAVE_ABRIR LLAVE_CERRAR $,
$ INSTRUCCIONES LLAVE_CERRAR,LLAVE_CERRAR $,INSTRUCCIONES -> ''
$ INSTRUCCIONES,LLAVE_CERRAR $,
$,$,INSTRUCCIONES -> ''
,$,Accept
